fund_code,short_name,net_value,source
159671,稀有金属ETF工银,1.626,eastmoney_fallback
159608,稀有金属ETF广发,1.33,eastmoney_fallback
562800,稀有金属ETF嘉实,1.155,eastmoney_fallback
561800,稀有金属ETF华富,1.235,eastmoney_fallback
159715,稀土ETF易方达,1.345,eastmoney_fallback
516780,稀土ETF华泰柏瑞,1.959,eastmoney_fallback
159796,电池ETF汇添富,1.128,eastmoney_fallback
159368,创业板新能源ETF华夏,1.674,eastmoney_fallback
516150,稀土ETF嘉实,2.021,eastmoney_fallback
159261,创业板新能源ETF鹏华,1.755,eastmoney_fallback
562880,电池ETF嘉实,0.986,eastmoney_fallback
159149,创业板新能源ETF工银,1.077,eastmoney_fallback
159155,电池ETF大成,1.119,eastmoney_fallback
159387,创业板新能源ETF国泰,0.925,eastmoney_fallback
561160,电池ETF富国,0.966,eastmoney_fallback
159122,创业板新能源ETF富国,1.124,eastmoney_fallback
159713,稀土ETF富国,1.463,eastmoney_fallback
159187,创业板新能源ETF景顺,1.071,eastmoney_fallback
159009,创业板新能源ETF易方达,1.097,eastmoney_fallback
561910,电池ETF招商,0.961,eastmoney_fallback
159147,电池ETF南方,1.125,eastmoney_fallback
159190,创业板新能源ETF天弘,1.064,eastmoney_fallback
159160,电池ETF东财,1.111,eastmoney_fallback
159840,锂电池ETF工银,0.996,eastmoney_fallback
516660,新能源车ETF华安,1.302,eastmoney_fallback
512460,电池ETF华夏,1.119,eastmoney_fallback
515700,新能源车ETF平安,2.853,eastmoney_fallback
159156,电池ETF万家,1.164,eastmoney_fallback
159175,电池ETF易方达,1.186,eastmoney_fallback
159824,新能源车ETF博时,1.422,eastmoney_fallback
560410,电池ETF鹏华,1.118,eastmoney_fallback
159637,新能源车ETF东财,1.059,eastmoney_fallback
515030,新能源车ETF华夏,2.13,eastmoney_fallback
159755,电池ETF广发,1.241,eastmoney_fallback
159767,电池龙头ETF兴银,1.009,eastmoney_fallback
516390,新能源车ETF汇添富,1.151,eastmoney_fallback
159806,新能源车ETF国泰,0.932,eastmoney_fallback
588960,科创新能源ETF富国,1.535,eastmoney_fallback
159757,电池ETF景顺,1.028,eastmoney_fallback
159775,电池ETF建信,1.033,eastmoney_fallback
589960,科创新能源ETF易方达,1.173,eastmoney_fallback
560290,有色ETF景顺,0.918,eastmoney_fallback
512940,有色ETF华安,0.941,eastmoney_fallback
588830,科创新能源ETF鹏华,1.685,eastmoney_fallback
561330,矿业ETF国泰,2.147,eastmoney_fallback
159157,有色金属ETF天弘,0.907,eastmoney_fallback
159183,新能源车ETF招商,1.143,eastmoney_fallback
560860,工业有色ETF万家,1.741,eastmoney_fallback
512400,有色金属ETF南方,2.133,eastmoney_fallback
159690,有色矿业ETF招商,2.186,eastmoney_fallback
159168,有色ETF富国,0.942,eastmoney_fallback
159880,有色ETF鹏华,2.151,eastmoney_fallback
159871,有色ETF银华,1.078,eastmoney_fallback
159876,有色ETF华宝,1.108,eastmoney_fallback
159163,有色ETF泰康,0.848,eastmoney_fallback
159652,有色ETF汇添富,1.841,eastmoney_fallback
159881,有色金属ETF国泰,2.063,eastmoney_fallback
516650,有色金属ETF华夏,2.079,eastmoney_fallback
159162,工业有色ETF鹏华,0.894,eastmoney_fallback
159875,新能源ETF嘉实,0.777,eastmoney_fallback
159171,工业有色ETF博时,0.866,eastmoney_fallback
516160,新能源ETF南方,3.288,eastmoney_fallback
159305,储能电池ETF广发,2.069,eastmoney_fallback
516580,新能源ETF博时,0.768,eastmoney_fallback
159566,储能电池ETF易方达,2.335,eastmoney_fallback
516850,新能源ETF华夏,1.205,eastmoney_fallback
159752,新能源ETF申万菱信,0.779,eastmoney_fallback
159667,工业母机ETF国泰,2.025,eastmoney_fallback
516090,新能源ETF易方达,0.645,eastmoney_fallback
159944,材料ETF广发,1.664,eastmoney_fallback
516270,新能源ETF华安,0.757,eastmoney_fallback
159906,深成长ETF大成,1.825,eastmoney_fallback
562010,绿色能源ETF华宝,1.086,eastmoney_fallback
516020,化工ETF华宝,1.015,eastmoney_fallback
159663,机床ETF华夏,2.003,eastmoney_fallback
513750,港股通非银ETF广发,1.592,eastmoney_fallback
560000,智能电车ETF浦银,0.937,eastmoney_fallback
159642,碳中和ETF大成,1.099,eastmoney_fallback
516220,化工ETF国泰,1.056,eastmoney_fallback
516120,化工ETF富国,1.037,eastmoney_fallback
159129,化工ETF嘉实,1.25,eastmoney_fallback
159870,化工ETF鹏华,0.955,eastmoney_fallback
159133,化工ETF天弘,1.284,eastmoney_fallback
560060,碳中和ETF汇添富,1.079,eastmoney_fallback
512580,环保ETF广发,1.432,eastmoney_fallback
562990,碳中和ETF易方达,1.119,eastmoney_fallback
561190,碳中和ETF富国,1.119,eastmoney_fallback
159641,碳中和ETF招商,1.16,eastmoney_fallback
520600,港股通汽车ETF广发,1.271,eastmoney_fallback
159640,碳中和龙头ETF工银,1.094,eastmoney_fallback
520680,港股通汽车ETF南方,1.028,eastmoney_fallback
520780,港股通汽车ETF华宝,1.03,eastmoney_fallback
159639,碳中和ETF南方,1.109,eastmoney_fallback
560550,碳中和ETF广发,1.112,eastmoney_fallback
159210,港股通汽车ETF汇添富,1.046,eastmoney_fallback
159383,创业板50ETF华泰柏瑞,1.835,eastmoney_fallback
520720,港股汽车ETF国泰,0.94,eastmoney_fallback
159681,创业板50ETF鹏华,1.73,eastmoney_fallback
560980,光伏龙头ETF广发,0.803,eastmoney_fallback
516960,机械ETF国泰,1.077,eastmoney_fallback
159949,创业板50ETF华安,1.762,eastmoney_fallback
159967,创业板成长ETF华夏,0.784,eastmoney_fallback
516380,智能电动车ETF华宝,1.1,eastmoney_fallback
159597,创业板成长ETF易方达,2.452,eastmoney_fallback
159323,港股通汽车ETF华夏,1.309,eastmoney_fallback
516590,智能汽车ETF易方达,1.39,eastmoney_fallback
159562,黄金股ETF华夏,2.368,eastmoney_fallback
516070,低碳ETF易方达,0.683,eastmoney_fallback
517520,黄金股ETF永赢,2.182,eastmoney_fallback
560560,碳中和ETF泰康,0.81,eastmoney_fallback
159682,创业板50ETF景顺,1.71,eastmoney_fallback
561550,中证500增强ETF华泰柏瑞,1.466,eastmoney_fallback
560120,中证500现金流ETF华夏,1.344,eastmoney_fallback
159964,创业板ETF平安,2.403,eastmoney_fallback
510410,资源ETF博时,2.081,eastmoney_fallback
159375,创业板50ETF国泰,1.965,eastmoney_fallback
159247,创业板ETF汇添富,1.106,eastmoney_fallback
510170,大宗商品ETF国联安,1.482,eastmoney_fallback
159827,农业ETF银华,0.908,eastmoney_fallback
159861,碳中和50ETF国泰,1.284,eastmoney_fallback
516550,农业ETF嘉实,0.791,eastmoney_fallback
159814,创业大盘ETF西部利得,0.75,eastmoney_fallback
159298,创业板50ETF大成,1.299,eastmoney_fallback
159790,碳中和ETF华夏,0.84,eastmoney_fallback
159367,创业板50ETF华夏,1.854,eastmoney_fallback
159675,创业板增强ETF嘉实,1.517,eastmoney_fallback
516190,传媒ETF华夏,1.182,eastmoney_fallback
159908,创业板ETF博时,3.426,eastmoney_fallback
159315,黄金股ETF工银,1.784,eastmoney_fallback
512620,农业ETF天弘,1.023,eastmoney_fallback
159372,创业板50ETF万家,1.961,eastmoney_fallback
159322,黄金股ETF平安,1.755,eastmoney_fallback
159991,创业板大盘ETF招商,0.857,eastmoney_fallback
159915,创业板ETF易方达,3.688,eastmoney_fallback
159180,软件ETF银华,1.079,eastmoney_fallback
159237,港股汽车ETF工银,1.088,eastmoney_fallback
159810,创业板ETF浦银,1.483,eastmoney_fallback
562330,中证500价值ETF银华,1.312,eastmoney_fallback
159948,创业板ETF南方,4.07,eastmoney_fallback
159371,创业板50ETF富国,1.844,eastmoney_fallback
517400,黄金股ETF国泰,1.718,eastmoney_fallback
159804,创中盘88ETF国寿,1.676,eastmoney_fallback
159370,创50ETF工银,1.945,eastmoney_fallback
159867,养殖ETF鹏华,0.621,eastmoney_fallback
159886,机械ETF富国,1.113,eastmoney_fallback
159977,创业板ETF天弘,1.918,eastmoney_fallback
517770,游戏传媒ETF浦银,1.071,eastmoney_fallback
159186,港股通汽车ETF鹏华,0.944,eastmoney_fallback
560160,食品ETF易方达,0.99,eastmoney_fallback
159321,黄金股ETF华安,1.674,eastmoney_fallback
516810,农业ETF华夏,0.862,eastmoney_fallback
159369,创业板50ETF易方达,1.498,eastmoney_fallback
159720,智能车ETF泰康,0.91,eastmoney_fallback
159957,创业板ETF华夏,2.417,eastmoney_fallback
159952,创业板ETF广发,2.237,eastmoney_fallback
516670,畜牧养殖ETF招商,0.685,eastmoney_fallback
159956,创业板ETF建信,2.335,eastmoney_fallback
159808,创100ETF融通,1.42,eastmoney_fallback
159821,创业板ETF中银证券,1.385,eastmoney_fallback
510630,消费ETF华夏,0.879,eastmoney_fallback
159966,创业板价值ETF华夏,0.606,eastmoney_fallback
562910,高端制造ETF易方达,0.979,eastmoney_fallback
159007,养殖ETF华泰柏瑞,0.979,eastmoney_fallback
159836,创业板300ETF天弘,1.354,eastmoney_fallback
159270,创业板200ETF南方,1.219,eastmoney_fallback
159869,游戏ETF华夏,1.316,eastmoney_fallback
159865,养殖ETF国泰,0.613,eastmoney_fallback
159205,创业板ETF东财,1.798,eastmoney_fallback
159328,家电ETF易方达,1.089,eastmoney_fallback
159971,创业板ETF富国,1.28,eastmoney_fallback
562300,碳中和ETF银华,0.811,eastmoney_fallback
159275,农牧渔ETF华宝,0.959,eastmoney_fallback
159020,养殖ETF易方达,1.01,eastmoney_fallback
159575,创业板200ETF银华,1.54,eastmoney_fallback
516010,游戏ETF国泰,1.307,eastmoney_fallback
159290,创业板综指增强ETF东财,1.263,eastmoney_fallback
516770,游戏ETF华泰柏瑞,1.37,eastmoney_fallback
560100,中证500增强ETF南方,1.419,eastmoney_fallback
159172,养殖ETF汇添富,0.931,eastmoney_fallback
159572,创业板200ETF易方达,1.569,eastmoney_fallback
159106,民企300ETF前海开源,1.13,eastmoney_fallback
159573,创业板200ETF华夏,1.578,eastmoney_fallback
159151,食品ETF华夏,0.989,eastmoney_fallback
159825,农业ETF富国,0.841,eastmoney_fallback
159373,创业板50ETF嘉实,1.883,eastmoney_fallback
159239,港股通汽车ETF富国,0.992,eastmoney_fallback
159121,港股通汽车ETF易方达,0.943,eastmoney_fallback
159173,农牧ETF南方,0.994,eastmoney_fallback
159805,传媒ETF鹏华,1.392,eastmoney_fallback
560880,家电ETF广发,1.591,eastmoney_fallback
512980,传媒ETF广发,0.996,eastmoney_fallback
159295,创业综指ETF西部利得,1.148,eastmoney_fallback
516570,化工行业ETF易方达,1.152,eastmoney_fallback
563300,中证2000ETF华泰柏瑞,1.554,eastmoney_fallback
159857,光伏ETF天弘,0.903,eastmoney_fallback
159761,新材料ETF国泰,0.856,eastmoney_fallback
515370,光伏ETF华夏,1.008,eastmoney_fallback
159768,房地产ETF银华,0.504,eastmoney_fallback
561780,1000增强ETF博时,1.671,eastmoney_fallback
516290,光伏ETF汇添富,0.659,eastmoney_fallback
159766,旅游ETF富国,0.664,eastmoney_fallback
159289,创业板综指ETF鹏华,1.177,eastmoney_fallback
159703,新材料ETF天弘,0.973,eastmoney_fallback
159707,地产ETF华宝,0.564,eastmoney_fallback
159730,家电ETF博时,1.081,eastmoney_fallback
562900,农业ETF易方达,0.774,eastmoney_fallback
561120,家电ETF富国,1.343,eastmoney_fallback
513920,港股通央企红利ETF华安,1.712,eastmoney_fallback
159541,创业板综ETF万家,1.664,eastmoney_fallback
515060,房地产ETF华夏,0.677,eastmoney_fallback
515210,钢铁ETF国泰,1.46,eastmoney_fallback
513770,港股互联网ETF华宝,0.418,eastmoney_fallback
510560,中证500ETF国寿,2.038,eastmoney_fallback
512200,房地产ETF南方,1.412,eastmoney_fallback
512450,畜牧养殖ETF广发,0.996,eastmoney_fallback
159618,光伏ETF华安,0.839,eastmoney_fallback
159143,港股通央企红利ETF平安,1.05,eastmoney_fallback
588660,科创创业50ETF兴银,1.788,eastmoney_fallback
159293,创业板综增强ETF建信,1.108,eastmoney_fallback
562970,光伏ETF易方达,1.219,eastmoney_fallback
516320,高端装备ETF华夏,1.113,eastmoney_fallback
159958,创业板ETF工银,2.227,eastmoney_fallback
159773,创业板科技ETF华泰柏瑞,1.329,eastmoney_fallback
159918,中创400ETF嘉实,2.715,eastmoney_fallback
520820,恒指港股通ETF汇添富,0.959,eastmoney_fallback
159123,光伏ETF嘉实,1.121,eastmoney_fallback
159864,光伏ETF国泰,0.694,eastmoney_fallback
520910,港股通互联网ETF华夏,0.748,eastmoney_fallback
159982,中证500ETF鹏华,2.196,eastmoney_fallback
560210,农牧渔ETF景顺,0.911,eastmoney_fallback
563850,食品ETF广发,1.019,eastmoney_fallback
159885,碳中和ETF鹏华,0.86,eastmoney_fallback
516230,光伏ETF招商,0.969,eastmoney_fallback
520790,港股通互联网ETF兴业,0.971,eastmoney_fallback
159996,家电ETF国泰,1.511,eastmoney_fallback
563200,中证2000ETF富国,1.675,eastmoney_fallback
159679,中证1000增强ETF国泰,1.352,eastmoney_fallback
159863,光伏ETF鹏华,0.704,eastmoney_fallback
159689,消费ETF南方,0.705,eastmoney_fallback
159571,创业板200ETF富国,1.573,eastmoney_fallback
510570,中证500ETF兴业,1.304,eastmoney_fallback
561590,中证1000增强ETF华泰柏瑞,1.577,eastmoney_fallback
520650,港股通互联网ETF南方,0.708,eastmoney_fallback
560680,消费ETF广发,0.817,eastmoney_fallback
516180,光伏ETF平安,0.873,eastmoney_fallback
561360,石油ETF国泰,1.586,eastmoney_fallback
560130,食品ETF鹏华,0.987,eastmoney_fallback
159706,深证100ETF华安,0.987,eastmoney_fallback
159249,A500增强ETF工银,1.377,eastmoney_fallback
159259,成长ETF易方达,1.322,eastmoney_fallback
561570,油气ETF华泰柏瑞,1.488,eastmoney_fallback
588360,科创创业ETF国泰,1.158,eastmoney_fallback
159176,家电ETF华宝,1.051,eastmoney_fallback
159936,可选消费ETF广发,2.106,eastmoney_fallback
588430,科创创业人工智能ETF工银,1.22,eastmoney_fallback
520630,港股通互联网ETF广发,0.777,eastmoney_fallback
159108,工业软件ETF博时,1.001,eastmoney_fallback
159935,中证500ETF景顺,2.618,eastmoney_fallback
159350,深证50ETF富国,1.616,eastmoney_fallback
515790,光伏ETF华泰柏瑞,1.059,eastmoney_fallback
159780,科创创业50ETF南方,1.06,eastmoney_fallback
516880,光伏ETF银华,0.893,eastmoney_fallback
560310,光伏ETF博时,0.95,eastmoney_fallback
159680,中证1000增强ETF招商,1.734,eastmoney_fallback
159623,成渝经济圈ETF博时,1.065,eastmoney_fallback
562510,旅游ETF华夏,0.673,eastmoney_fallback
516130,消费龙头ETF华宝,0.73,eastmoney_fallback
159211,深证100ETF富国,1.521,eastmoney_fallback
159166,现金流ETF长城,0.958,eastmoney_fallback
510590,中证500ETF平安,8.869,eastmoney_fallback
510510,中证500ETF广发,2.659,eastmoney_fallback
159725,线上消费ETF工银,0.908,eastmoney_fallback
159777,创科技ETF国联安,1.25,eastmoney_fallback
159292,创业板综增强ETF华宝,1.25,eastmoney_fallback
159907,国证2000ETF广发,1.142,eastmoney_fallback
159256,创业板软件ETF华夏,0.972,eastmoney_fallback
159179,港股通互联网ETF工银,0.973,eastmoney_fallback
159975,深100ETF招商,0.803,eastmoney_fallback
588910,科创价值ETF建信,1.493,eastmoney_fallback
516710,新材料ETF华夏,0.804,eastmoney_fallback
563750,中证500ETF汇添富,1.149,eastmoney_fallback
159563,创业板综ETF华夏,1.961,eastmoney_fallback
515590,500等权ETF前海开源,2.02,eastmoney_fallback
512600,消费ETF嘉实,0.635,eastmoney_fallback
159678,500增强ETF博时,1.617,eastmoney_fallback
159970,深100ETF工银,1.098,eastmoney_fallback
159728,在线消费ETF南方,0.925,eastmoney_fallback
159225,现金流ETF银华,1.388,eastmoney_fallback
159376,A500ETF浦银,1.389,eastmoney_fallback
159568,港股互联网ETF博时,1.332,eastmoney_fallback
513140,港股通金融ETF华泰柏瑞,1.689,eastmoney_fallback
159556,中证2000增强ETF平安,1.34,eastmoney_fallback
562700,汽车零部件ETF华夏,1.399,eastmoney_fallback
510580,中证500ETF易方达,4.318,eastmoney_fallback
159961,深100ETF方正富邦,2.337,eastmoney_fallback
510500,中证500ETF南方,8.417,eastmoney_fallback
561280,中证1000增强ETF工银,1.756,eastmoney_fallback
159223,现金流ETF永赢,1.289,eastmoney_fallback
563030,中证500增强ETF易方达,1.583,eastmoney_fallback
513170,恒生央企ETF鹏华,1.642,eastmoney_fallback
515530,中证500ETF泰康,4.52,eastmoney_fallback
159731,石化ETF华夏,1.057,eastmoney_fallback
159276,现金流ETF汇添富,1.24,eastmoney_fallback
159968,中证500ETF博时,10.691,eastmoney_fallback
159820,中证500ETF天弘,1.424,eastmoney_fallback
159212,深100ETF南方,1.543,eastmoney_fallback
516760,养殖ETF平安,0.653,eastmoney_fallback
159521,国证2000ETF平安,1.367,eastmoney_fallback
513660,恒生ETF华夏,1.547,eastmoney_fallback
513720,港股互联网ETF国泰,0.774,eastmoney_fallback
159535,中证2000ETF嘉实,1.548,eastmoney_fallback
515640,家电ETF华夏,1.013,eastmoney_fallback
512510,中证500ETF华泰柏瑞,2.448,eastmoney_fallback
560950,中证500增强ETF汇添富,1.434,eastmoney_fallback
513690,港股红利ETF博时,1.197,eastmoney_fallback
588420,科创创业人工智能ETF摩根,1.198,eastmoney_fallback
159910,基本面120ETF嘉实,2.516,eastmoney_fallback
588330,双创50ETF华宝,1.08,eastmoney_fallback
516890,新材料ETF平安,0.841,eastmoney_fallback
159763,新材料ETF建信,0.782,eastmoney_fallback
159216,深证100ETF大成,1.564,eastmoney_fallback
562340,中证500成长ETF银华,1.384,eastmoney_fallback
588790,科创AIETF博时,0.843,eastmoney_fallback
159569,港股红利低波ETF景顺,1.506,eastmoney_fallback
159629,中证1000ETF富国,3.438,eastmoney_fallback
512250,A50ETF招商,1.267,eastmoney_fallback
159565,汽车零部件ETF易方达,1.51,eastmoney_fallback
159553,中证2000增强ETF海富通,2.054,eastmoney_fallback
159365,恒指港股通ETF富国,1.03,eastmoney_fallback
159901,深证100ETF易方达,3.828,eastmoney_fallback
588300,科创创业50ETF招商,1.095,eastmoney_fallback
159576,深证100ETF广发,1.643,eastmoney_fallback
588350,科创创业50ETF鹏扬,1.647,eastmoney_fallback
159903,深成ETF南方,1.83,eastmoney_fallback
159306,汽车零部件ETF平安,1.343,eastmoney_fallback
159500,中证500ETF富国,1.221,eastmoney_fallback
159606,中证500成长ETF易方达,1.283,eastmoney_fallback
563150,油气ETF银华,1.468,eastmoney_fallback
159520,消费龙头ETF工银,0.982,eastmoney_fallback
563780,现金流全指ETF方正富邦,1.353,eastmoney_fallback
516360,新材料ETF华宝,1.107,eastmoney_fallback
159792,港股通互联网ETF富国,0.677,eastmoney_fallback
159609,光伏ETF浦银,0.616,eastmoney_fallback
159242,创业板人工智能ETF大成,2.095,eastmoney_fallback
159628,国证2000ETF万家,1.481,eastmoney_fallback
513040,港股通互联网ETF易方达,1.111,eastmoney_fallback
520560,香港大盘30ETF华宝,0.865,eastmoney_fallback
159536,中证2000ETF汇添富,1.545,eastmoney_fallback
159716,深证100ETF华宝,1.176,eastmoney_fallback
159928,消费ETF汇添富,0.744,eastmoney_fallback
159139,科创创业人工智能ETF华泰柏瑞,1.24,eastmoney_fallback
159109,恒生50ETF景顺,0.868,eastmoney_fallback
159022,科创创业人工智能ETF富国,0.994,eastmoney_fallback
159140,科创创业人工智能ETF易方达,1.245,eastmoney_fallback
159141,科创创业人工智能ETF永赢,1.184,eastmoney_fallback
560010,中证1000ETF广发,3.438,eastmoney_fallback
561350,中证500ETF国泰,1.313,eastmoney_fallback
560590,中证1000增强ETF鹏华,1.564,eastmoney_fallback
563760,全指现金流ETF中银,1.315,eastmoney_fallback
159291,创业板综增强ETF招商,1.253,eastmoney_fallback
562520,中证1000成长ETF华夏,1.443,eastmoney_fallback
510530,中证500ETF工银,9.12,eastmoney_fallback
512500,中证500ETF华夏,4.655,eastmoney_fallback
159243,创业板人工智能ETF招商,1.26,eastmoney_fallback
159219,深证100ETF融通,1.45,eastmoney_fallback
159142,科创创业人工智能ETF景顺,1.199,eastmoney_fallback
159201,自由现金流ETF华夏,1.326,eastmoney_fallback
159603,科创创业ETF天弘,1.642,eastmoney_fallback
588400,科创创业ETF嘉实,1.074,eastmoney_fallback
159382,创业板人工智能ETF南方,2.658,eastmoney_fallback
563770,全指现金流ETF招商,1.335,eastmoney_fallback
159236,自由现金流ETF工银,1.335,eastmoney_fallback
159388,创业板人工智能ETF国泰,1.018,eastmoney_fallback
588310,科创创业ETF方正富邦,1.147,eastmoney_fallback
159672,消费ETF博时,0.701,eastmoney_fallback
588380,科创创业ETF富国,1.084,eastmoney_fallback
520950,港股通50ETF摩根,0.894,eastmoney_fallback
560230,光伏ETF富国,0.958,eastmoney_fallback
159530,机器人ETF易方达,1.469,eastmoney_fallback
513990,港股通ETF招商,1.15,eastmoney_fallback
159126,港股通50ETF南方,0.959,eastmoney_fallback
159698,粮食ETF鹏华,1.087,eastmoney_fallback
561760,油气ETF博时,1.474,eastmoney_fallback
159222,自由现金流ETF易方达,1.412,eastmoney_fallback
159288,创业板综ETF银华,1.092,eastmoney_fallback
159531,中证2000ETF南方,1.542,eastmoney_fallback
588850,科创机械ETF嘉实,1.612,eastmoney_fallback
520940,港股通恒生ETF华安,1.032,eastmoney_fallback
159337,中证500ETF东财,1.872,eastmoney_fallback
589010,科创人工智能ETF华夏,1.488,eastmoney_fallback
159676,创业板增强ETF富国,1.618,eastmoney_fallback
563390,全指现金流ETF华泰柏瑞,1.364,eastmoney_fallback
588730,科创人工智能ETF易方达,1.559,eastmoney_fallback
159736,食品饮料ETF天弘,0.65,eastmoney_fallback
159872,智能网联汽车ETF鹏华,0.976,eastmoney_fallback
516300,中证1000ETF华泰柏瑞,3.453,eastmoney_fallback
159235,中证现金流ETF大成,1.369,eastmoney_fallback
588070,科创成长ETF万家,2.024,eastmoney_fallback
159381,创业板人工智能ETF华夏,2.352,eastmoney_fallback
159922,中证500ETF嘉实,3.342,eastmoney_fallback
159850,恒生国企ETF华夏,0.854,eastmoney_fallback
512130,全指现金流ETF鹏华,1.316,eastmoney_fallback
159721,深证100ETF永赢,1.119,eastmoney_fallback
159943,深证成指ETF大成,1.647,eastmoney_fallback
515220,煤炭ETF国泰,1.318,eastmoney_fallback
159616,农牧ETF建信,0.923,eastmoney_fallback
159559,机器人ETF景顺,1.319,eastmoney_fallback
159221,现金流ETF嘉实,1.319,eastmoney_fallback
159845,中证1000ETF华夏,3.451,eastmoney_fallback
159782,双创50ETF银华,1.062,eastmoney_fallback
159781,科创创业ETF易方达,1.062,eastmoney_fallback
588410,科创创业人工智能ETF鹏华,1.195,eastmoney_fallback
159587,粮食ETF广发,1.397,eastmoney_fallback
159309,油气ETF汇添富,1.531,eastmoney_fallback
515190,中证500ETF中银证券,1.732,eastmoney_fallback
159783,科创创业50ETF华夏,1.066,eastmoney_fallback
512100,中证1000ETF南方,3.347,eastmoney_fallback
563080,中证A50ETF易方达,1.409,eastmoney_fallback
159610,中证500增强ETF景顺,1.279,eastmoney_fallback
159312,恒指港股通ETF广发,1.212,eastmoney_fallback
159279,创业板人工智能ETF华安,1.414,eastmoney_fallback
513550,港股通50ETF华泰柏瑞,1.145,eastmoney_fallback
520960,恒指港股通ETF嘉实,0.943,eastmoney_fallback
159107,创业板软件ETF富国,0.878,eastmoney_fallback
588390,科创创业ETF博时,1.151,eastmoney_fallback
517050,互联网ETF华泰柏瑞,0.745,eastmoney_fallback
159272,机器人ETF富国,0.881,eastmoney_fallback
516460,现金流ETF800鹏华,1.357,eastmoney_fallback
588320,双创50增强ETF广发,1.7,eastmoney_fallback
159119,800现金流ETF招商,1.094,eastmoney_fallback
563990,800现金流ETF富国,1.372,eastmoney_fallback
159912,深300ETF汇添富,2.058,eastmoney_fallback
515710,食品饮料ETF华宝,0.549,eastmoney_fallback
561300,沪深300增强ETF国泰,1.031,eastmoney_fallback
516900,食品饮料ETF华安,0.55,eastmoney_fallback
520770,恒指港股通ETF建信,0.963,eastmoney_fallback
513910,港股通央企红利ETF华夏,1.651,eastmoney_fallback
560110,中证1000ETF汇添富,1.239,eastmoney_fallback
159592,A50ETF银华,1.377,eastmoney_fallback
517390,云计算ETF天弘,1.928,eastmoney_fallback
159246,创业板人工智能ETF富国,1.171,eastmoney_fallback
513190,港股通金融ETF华夏,1.793,eastmoney_fallback
510290,上证380ETF南方,2.69,eastmoney_fallback
159280,港股通互联网ETF汇添富,0.759,eastmoney_fallback
159165,养殖ETF永赢,0.968,eastmoney_fallback
159333,港股央企红利ETF万家,1.454,eastmoney_fallback
159278,机器人ETF鹏华,1.04,eastmoney_fallback
560500,500质量成长ETF鹏扬,1.319,eastmoney_fallback
159229,自由现金流ETF广发,1.323,eastmoney_fallback
589110,科创人工智能ETF国泰,0.975,eastmoney_fallback
563330,A股ETF华泰柏瑞,4.458,eastmoney_fallback
560350,中证A50ETF摩根,1.324,eastmoney_fallback
515650,消费50ETF富国,1.117,eastmoney_fallback
159920,恒生ETF华夏,1.537,eastmoney_fallback
159136,A50ETF广发,1.048,eastmoney_fallback
159793,线上消费ETF平安,0.909,eastmoney_fallback
530380,上证380ETF易方达,1.119,eastmoney_fallback
562580,可选消费ETF华夏,1.195,eastmoney_fallback
588500,科创100增强ETF易方达,2.391,eastmoney_fallback
563680,800现金流ETF汇添富,1.338,eastmoney_fallback
510770,G60创新ETF申万菱信,0.986,eastmoney_fallback
159271,恒生ETF鹏华,0.987,eastmoney_fallback
159232,自由现金流ETF南方,1.341,eastmoney_fallback
513210,恒生ETF易方达,1.553,eastmoney_fallback
159386,A500ETF永赢,1.343,eastmoney_fallback
159788,港股通100ETF易方达,1.274,eastmoney_fallback
589520,科创人工智能ETF华宝,0.638,eastmoney_fallback
159170,港股通互联网ETF永赢,0.924,eastmoney_fallback
563620,全指现金流ETF兴业,1.209,eastmoney_fallback
560660,云计算50ETF新华,1.138,eastmoney_fallback
560530,中证A500ETF摩根,1.281,eastmoney_fallback
561750,A50ETF博时,1.21,eastmoney_fallback
588930,科创人工智能ETF银华,1.648,eastmoney_fallback
513860,港股通科技ETF海富通,0.645,eastmoney_fallback
159150,深证50ETF易方达,1.651,eastmoney_fallback
563350,A50ETF华泰柏瑞,1.439,eastmoney_fallback
562660,中证2000ETF华夏,1.945,eastmoney_fallback
159555,中证2000增强ETF银华,1.801,eastmoney_fallback
561770,A100ETF博时,1.298,eastmoney_fallback
589560,科创人工智能ETF汇添富,1.011,eastmoney_fallback
159973,民企ETF弘毅远方,2.029,eastmoney_fallback
159281,港股央企红利ETF天弘,1.015,eastmoney_fallback
588760,科创人工智能ETF广发,0.798,eastmoney_fallback
589980,科创100ETF汇添富,1.67,eastmoney_fallback
513900,港股通100ETF华安,1.02,eastmoney_fallback
159145,工业软件ETF广发,0.875,eastmoney_fallback
563580,自由现金流800ETF万家,1.241,eastmoney_fallback
515730,家居家电ETF永赢,0.952,eastmoney_fallback
517660,物联网ETF天弘,1.246,eastmoney_fallback
588680,科创100增强ETF广发,2.346,eastmoney_fallback
159245,港股通消费ETF富国,0.88,eastmoney_fallback
513600,恒生指数ETF南方,2.862,eastmoney_fallback
520920,恒生科技ETF天弘,0.734,eastmoney_fallback
563180,高股息ETF银华,1.176,eastmoney_fallback
520990,港股央企红利ETF景顺,1.103,eastmoney_fallback
159595,中证A50ETF大成,1.398,eastmoney_fallback
159233,自由现金流ETF平安,1.326,eastmoney_fallback
588220,科创100ETF鹏华,1.621,eastmoney_fallback
159543,国证2000ETF工银,1.551,eastmoney_fallback
561870,现金流全指ETF华富,1.33,eastmoney_fallback
562890,A50ETF嘉实,1.407,eastmoney_fallback
159954,恒生中国企业ETF南方,0.964,eastmoney_fallback
563650,中证A500ETF兴业,1.336,eastmoney_fallback
159596,A50ETF华宝,0.669,eastmoney_fallback
159843,食品饮料ETF招商,0.595,eastmoney_fallback
159709,物联网ETF工银,1.64,eastmoney_fallback
589380,科创AIETF富国,1.494,eastmoney_fallback
512240,A50ETF鹏华,1.196,eastmoney_fallback
159798,消费ETF易方达,0.897,eastmoney_fallback
159318,恒指港股通ETF银华,1.346,eastmoney_fallback
561080,全指现金流ETF华安,1.347,eastmoney_fallback
589090,科创AIETF鹏华,1.125,eastmoney_fallback
159273,云计算ETF汇添富,1.425,eastmoney_fallback
159617,中证500价值ETF华夏,1.426,eastmoney_fallback
562530,中证1000价值ETF华夏,1.354,eastmoney_fallback
520900,港股通红利ETF广发,1.13,eastmoney_fallback
159360,A500ETF天弘,1.358,eastmoney_fallback
159251,港股通科技ETF万家,0.83,eastmoney_fallback
159711,港股通50ETF华夏,1.36,eastmoney_fallback
159627,A100ETF华夏,1.36,eastmoney_fallback
589230,科创人工智能ETF南方,0.908,eastmoney_fallback
159287,创业板综ETF博时,1.211,eastmoney_fallback
561230,中证A50ETF工银,1.363,eastmoney_fallback
159758,红利质量ETF华夏,1.137,eastmoney_fallback
513320,港股通新经济ETF易方达,1.139,eastmoney_fallback
588880,科创100ETF华泰柏瑞,1.599,eastmoney_fallback
159670,消费50ETF国联安,0.915,eastmoney_fallback
517010,沪港深500ETF易方达,1.145,eastmoney_fallback
159505,国证2000ETF博时,1.68,eastmoney_fallback
159726,港股通高股息ETF华夏,1.38,eastmoney_fallback
515910,质量ETF中金,0.691,eastmoney_fallback
588210,科创100ETF易方达,1.618,eastmoney_fallback
563830,全指现金流ETF博时,1.314,eastmoney_fallback
159740,恒生科技ETF大成,0.619,eastmoney_fallback
513020,港股科技ETF国泰,1.006,eastmoney_fallback
159677,中证1000增强ETF银华,1.549,eastmoney_fallback
560510,中证A500ETF泰康,1.242,eastmoney_fallback
510900,恒生中国企业ETF易方达,1.087,eastmoney_fallback
563220,A500ETF富国,1.321,eastmoney_fallback
159363,创业板人工智能ETF华宝,1.244,eastmoney_fallback
159591,A50ETF富国,1.4,eastmoney_fallback
159923,中证A100ETF大成,2.258,eastmoney_fallback
516110,汽车ETF国泰,1.324,eastmoney_fallback
562000,A100ETF华宝,0.624,eastmoney_fallback
560690,电信ETF鹏华,2.184,eastmoney_fallback
159729,互联网ETF汇添富,0.78,eastmoney_fallback
159128,港股科技ETF天弘,0.781,eastmoney_fallback
513580,恒生科技ETF华安,0.625,eastmoney_fallback
515800,中证800ETF汇添富,1.329,eastmoney_fallback
510550,中证500ETF方正富邦,2.112,eastmoney_fallback
159359,A500ETF华安,1.333,eastmoney_fallback
159738,云计算ETF华泰柏瑞,2.04,eastmoney_fallback
563860,中证A500ETF海富通,1.335,eastmoney_fallback
513150,港股通科技ETF华泰柏瑞,1.021,eastmoney_fallback
588900,科创100ETF南方,1.652,eastmoney_fallback
159277,港股通红利ETF富国,1.025,eastmoney_fallback
563360,A500ETF华泰柏瑞,1.342,eastmoney_fallback
512260,中证500低波动ETF华安,1.975,eastmoney_fallback
588010,科创新材料ETF博时,1.028,eastmoney_fallback
159390,中证A50ETF国联,1.267,eastmoney_fallback
159266,港股央企红利ETF永赢,1.03,eastmoney_fallback
159338,中证A500ETF国泰,1.271,eastmoney_fallback
159339,A500ETF银华,1.277,eastmoney_fallback
530530,上证580ETF华夏,1.199,eastmoney_fallback
513560,香港科技ETF兴银,1.199,eastmoney_fallback
159960,恒生中国企业ETF平安,0.88,eastmoney_fallback
588800,科创100ETF华夏,1.603,eastmoney_fallback
589950,科创100ETF富国,1.203,eastmoney_fallback
513260,恒生科技ETF汇添富,1.205,eastmoney_fallback
159636,港股通科技30ETF工银,0.563,eastmoney_fallback
159905,红利ETF工银,1.851,eastmoney_fallback
513980,港股科技ETF景顺,0.645,eastmoney_fallback
513070,港股通消费ETF易方达,1.21,eastmoney_fallback
513820,港股通红利ETF汇添富,1.292,eastmoney_fallback
517880,品牌消费ETF华泰柏瑞,0.808,eastmoney_fallback
588190,科创100ETF银华,1.617,eastmoney_fallback
159361,A500ETF易方达,1.294,eastmoney_fallback
561790,央企能源ETF博时,1.379,eastmoney_fallback
560380,A100ETF南方,1.298,eastmoney_fallback
159822,新经济ETF银华,0.649,eastmoney_fallback
513380,恒生科技ETF广发,0.569,eastmoney_fallback
159770,机器人ETF天弘,1.057,eastmoney_fallback
588030,科创100ETF博时,1.63,eastmoney_fallback
159631,A100ETF招商,1.305,eastmoney_fallback
159379,A500ETF融通,1.388,eastmoney_fallback
561950,中证500增强ETF招商,1.473,eastmoney_fallback
517360,沪港深科技ETF华安,0.982,eastmoney_fallback
588980,科创100ETF广发,1.474,eastmoney_fallback
588120,科创100ETF国泰,1.639,eastmoney_fallback
159856,互联网龙头ETF工银,0.656,eastmoney_fallback
563660,A500ETF银河,1.313,eastmoney_fallback
159593,中证A50ETF平安,1.398,eastmoney_fallback
159191,港股通科技ETF易方达,0.988,eastmoney_fallback
159550,互联网ETF东财,0.906,eastmoney_fallback
159656,沪深300成长ETF万家,1.236,eastmoney_fallback
159127,港股通红利ETF南方,0.989,eastmoney_fallback
159352,A500ETF南方,1.321,eastmoney_fallback
159533,中证2000ETF博时,2.066,eastmoney_fallback
513830,港股通高股息ETF嘉实,1.24,eastmoney_fallback
560220,中证2000ETF广发,1.571,eastmoney_fallback
560820,中证A50ETF新华,1.241,eastmoney_fallback
517200,互联网ETF嘉实,0.662,eastmoney_fallback
159686,A100ETF易方达,1.325,eastmoney_fallback
563500,A500ETF华宝,0.663,eastmoney_fallback
159357,A500ETF博时,1.332,eastmoney_fallback
159238,沪深300增强ETF景顺,1.332,eastmoney_fallback
159356,A500ETF万家,1.335,eastmoney_fallback
516620,影视ETF国泰,1.002,eastmoney_fallback
561090,A500增强ETF华安,1.255,eastmoney_fallback
520860,港股通科技ETF富国,0.837,eastmoney_fallback
159215,A500ETF平安,1.345,eastmoney_fallback
560300,电信ETF汇添富,2.27,eastmoney_fallback
159362,A500ETF工银,1.347,eastmoney_fallback
512050,A500ETF华夏,1.263,eastmoney_fallback
159909,TMT50ETF招商,1.263,eastmoney_fallback
513090,香港证券ETF易方达,1.853,eastmoney_fallback
562310,沪深300成长ETF银华,1.099,eastmoney_fallback
520590,恒生科技ETF鹏华,0.846,eastmoney_fallback
512080,A500ETF中金,1.354,eastmoney_fallback
513810,港股国企ETF华夏,1.779,eastmoney_fallback
159532,中证2000ETF易方达,1.779,eastmoney_fallback
159916,基本面ETF建信,5.36,eastmoney_fallback
159326,电网设备ETF华夏,1.966,eastmoney_fallback
517800,人工智能50ETF方正富邦,1.026,eastmoney_fallback
516510,云计算ETF易方达,1.796,eastmoney_fallback
515170,食品饮料ETF华夏,0.514,eastmoney_fallback
159353,中证A500ETF景顺,1.285,eastmoney_fallback
520660,港股通央企红利ETF南方,1.114,eastmoney_fallback
159862,食品饮料ETF银华,0.601,eastmoney_fallback
159125,港股通科技ETF招商,0.773,eastmoney_fallback
517000,沪港深500ETF银华,1.032,eastmoney_fallback
159633,中证1000ETF易方达,3.528,eastmoney_fallback
512160,MSCI中国A股ETF南方,1.552,eastmoney_fallback
159661,A100ETF嘉实,1.467,eastmoney_fallback
159800,中证800ETF鹏华,1.473,eastmoney_fallback
159268,港股通消费ETF汇添富,0.869,eastmoney_fallback
517100,沪港深500ETF富国,1.043,eastmoney_fallback
588020,科创成长ETF易方达,2.347,eastmoney_fallback
513230,港股通消费ETF华夏,0.957,eastmoney_fallback
563880,A500ETF汇添富,1.308,eastmoney_fallback
512770,战略新兴ETF华夏,2.444,eastmoney_fallback
563630,A500增强ETF国联安,1.31,eastmoney_fallback
159913,深价值ETF交银,2.536,eastmoney_fallback
515090,可持续发展ETF博时,1.405,eastmoney_fallback
513970,恒生消费ETF景顺,0.879,eastmoney_fallback
520570,恒生科技ETF南方,0.792,eastmoney_fallback
588110,科创成长ETF广发,2.289,eastmoney_fallback
513130,恒生科技ETF华泰柏瑞,0.617,eastmoney_fallback
512090,MSCIA股ETF易方达,2.031,eastmoney_fallback
159741,恒生科技ETF嘉实,0.619,eastmoney_fallback
159743,湖北ETF博时,1.415,eastmoney_fallback
561880,A100ETF华富,1.329,eastmoney_fallback
561990,沪深300增强ETF招商,1.064,eastmoney_fallback
159101,港股通科技ETF华夏,0.798,eastmoney_fallback
159630,A100ETF汇添富,1.422,eastmoney_fallback
159708,红利ETF西部利得,0.89,eastmoney_fallback
159240,A500增强ETF天弘,1.337,eastmoney_fallback
520810,港股通红利ETF易方达,1.07,eastmoney_fallback
159739,云计算ETF鹏华,1.702,eastmoney_fallback
512040,价值100ETF富国,1.255,eastmoney_fallback
512070,证券保险ETF易方达,0.807,eastmoney_fallback
513180,恒生科技ETF华夏,0.628,eastmoney_fallback
515980,人工智能ETF华富,0.987,eastmoney_fallback
159265,港股消费ETF鹏华,0.9,eastmoney_fallback
159331,红利港股ETF国泰,1.351,eastmoney_fallback
515400,大数据ETF富国,0.991,eastmoney_fallback
512910,A100ETF广发,1.356,eastmoney_fallback
563800,A500ETF广发,1.266,eastmoney_fallback
159358,中证A500ETF大成,1.358,eastmoney_fallback
159742,恒生科技ETF博时,0.635,eastmoney_fallback
159527,云计算ETF广发,2.269,eastmoney_fallback
159302,港股高股息ETF银华,1.362,eastmoney_fallback
159269,港股通科技ETF南方,0.908,eastmoney_fallback
159351,A500ETF嘉实,1.273,eastmoney_fallback
159552,中证2000增强ETF招商,2.294,eastmoney_fallback
562360,机器人ETF银华,1.104,eastmoney_fallback
561500,漂亮50ETF华泰柏瑞,0.829,eastmoney_fallback
516630,云计算ETF华夏,1.751,eastmoney_fallback
159717,ESGETF鹏华,1.107,eastmoney_fallback
513010,恒生科技ETF易方达,0.646,eastmoney_fallback
530100,上证580ETF易方达,1.201,eastmoney_fallback
517080,沪港深500ETF汇添富,1.021,eastmoney_fallback
512370,A500增强ETF华夏,1.21,eastmoney_fallback
560180,沪深300ESGETF南方,1.214,eastmoney_fallback
159380,A500ETF东财,1.401,eastmoney_fallback
159526,机器人ETF嘉实,1.499,eastmoney_fallback
159399,现金流ETF国泰,1.125,eastmoney_fallback
589270,科创100ETF前海开源,1.032,eastmoney_fallback
513220,中概互联ETF招商,1.036,eastmoney_fallback
159209,红利质量ETF招商,1.226,eastmoney_fallback
589050,科创综指ETF兴业,1.324,eastmoney_fallback
560630,机器人ETF万家,1.141,eastmoney_fallback
513890,恒生科技ETF摩根,0.954,eastmoney_fallback
512020,A500ETF鹏华,1.336,eastmoney_fallback
517030,沪港深300ETF易方达,1.147,eastmoney_fallback
517300,沪港深300ETF国寿,0.956,eastmoney_fallback
512190,浙商之江凤凰ETF,2.868,eastmoney_fallback
512060,A100ETF天弘,1.245,eastmoney_fallback
159511,通信ETF南方,2.299,eastmoney_fallback
512870,杭州湾区ETF南华,1.533,eastmoney_fallback
159976,湾创ETF工银,1.345,eastmoney_fallback
520530,港股通科技ETF东财,0.865,eastmoney_fallback
159285,港股通消费ETF华安,0.865,eastmoney_fallback
510390,沪深300ETF平安,5.4,eastmoney_fallback
510090,责任ETF建信,2.604,eastmoney_fallback
159685,1000增强ETF天弘,1.548,eastmoney_fallback
520620,恒生消费ETF嘉实,0.873,eastmoney_fallback
563010,电信ETF易方达,2.135,eastmoney_fallback
515770,MSCI中国A股ETF摩根,1.456,eastmoney_fallback
159712,港股通50ETF国泰,1.263,eastmoney_fallback
512690,酒ETF鹏华,0.487,eastmoney_fallback
159607,中概互联网ETF嘉实,0.877,eastmoney_fallback
159605,中概互联ETF广发,0.881,eastmoney_fallback
515630,证券保险ETF鹏华,1.275,eastmoney_fallback
561180,A100ETF富国,1.376,eastmoney_fallback
510010,180治理ETF交银,1.772,eastmoney_fallback
512970,大湾区ETF平安,1.578,eastmoney_fallback
515130,沪深300ETF博时,1.579,eastmoney_fallback
512720,计算机ETF国泰,1.283,eastmoney_fallback
159620,中证500成长ETF华夏,1.285,eastmoney_fallback
517550,沪港深消费龙头ETF招商,0.695,eastmoney_fallback
159902,中小100ETF华夏,4.966,eastmoney_fallback
513050,中概互联网ETF易方达,1.193,eastmoney_fallback
159299,金融科技ETF易方达,0.796,eastmoney_fallback
159855,影视ETF银华,0.896,eastmoney_fallback
561930,沪深300ETF招商,1.593,eastmoney_fallback
588690,科创增强ETF银华,1.195,eastmoney_fallback
516910,物流ETF富国,1.196,eastmoney_fallback
515390,沪深300ETF华安,1.397,eastmoney_fallback
512520,MSCI中国ETF华泰柏瑞,1.499,eastmoney_fallback
159300,沪深300ETF富国,5.112,eastmoney_fallback
563960,300质量ETF兴全,1.003,eastmoney_fallback
563550,A500增强ETF摩根,1.308,eastmoney_fallback
560770,机器人ETF招商,1.008,eastmoney_fallback
159519,港股国企ETF国泰,1.818,eastmoney_fallback
588240,科创200ETF鹏华,1.719,eastmoney_fallback
563600,A500增强ETF易方达,1.113,eastmoney_fallback
159890,云计算ETF招商,1.822,eastmoney_fallback
159013,工业互联网ETF大成,1.013,eastmoney_fallback
520670,港股通科技ETF嘉实,0.812,eastmoney_fallback
159673,沪深300ETF鹏华,1.32,eastmoney_fallback
561130,国货ETF富国,1.016,eastmoney_fallback
159778,工业互联网ETF鹏华,1.224,eastmoney_fallback
159018,石油ETF广发,1.021,eastmoney_fallback
562500,机器人ETF华夏,1.022,eastmoney_fallback
520520,恒生消费ETF华泰柏瑞,1.022,eastmoney_fallback
515350,沪深300ETF民生加银,6.439,eastmoney_fallback
159578,深证主板50ETF南方,1.234,eastmoney_fallback
159188,红利100ETF景顺,1.029,eastmoney_fallback
515160,MSCI中国ETF招商,1.651,eastmoney_fallback
159925,沪深300ETF南方,4.851,eastmoney_fallback
512990,MSCIA股ETF华夏,2.068,eastmoney_fallback
560610,A500ETF招商,1.241,eastmoney_fallback
159747,香港科技ETF南方,1.243,eastmoney_fallback
512380,MSCI中国ETF银华,1.662,eastmoney_fallback
517170,沪港深500ETF华夏,1.039,eastmoney_fallback
563900,300自由现金流ETF摩根,1.249,eastmoney_fallback
159258,机器人ETF南方,1.145,eastmoney_fallback
515110,一带一路ETF易方达,1.774,eastmoney_fallback
159919,沪深300ETF嘉实,5.014,eastmoney_fallback
510350,沪深300ETF工银,5.024,eastmoney_fallback
515180,红利ETF易方达,1.467,eastmoney_fallback
159735,港股消费ETF银华,0.735,eastmoney_fallback
516830,沪深300ESGETF富国,1.052,eastmoney_fallback
589220,科创200ETF国泰,1.054,eastmoney_fallback
159512,汽车ETF广发,1.371,eastmoney_fallback
159699,恒生消费ETF广发,0.95,eastmoney_fallback
516260,物联网ETF华夏,1.373,eastmoney_fallback
563570,金融科技ETF兴业,0.845,eastmoney_fallback
159330,沪深300ETF东财,1.481,eastmoney_fallback
561260,能源ETF工银,1.377,eastmoney_fallback
560750,A500ETF申万菱信,1.378,eastmoney_fallback
513590,港股通消费ETF鹏华,0.848,eastmoney_fallback
560650,核心50ETF民生加银,1.061,eastmoney_fallback
159723,科技龙头ETF汇添富,1.061,eastmoney_fallback
515330,沪深300ETF天弘,1.38,eastmoney_fallback
159588,石油ETF景顺,1.38,eastmoney_fallback
159998,计算机ETF天弘,1.065,eastmoney_fallback
562850,央企能源ETF嘉实,1.387,eastmoney_fallback
159248,人工智能ETF万家,1.71,eastmoney_fallback
561660,通用航空ETF平安,1.177,eastmoney_fallback
159688,恒生互联网ETF华安,0.856,eastmoney_fallback
515460,红利质量ETF南方,0.965,eastmoney_fallback
520580,新兴亚洲ETF招商,0.967,eastmoney_fallback
510360,沪深300ETF广发,1.829,eastmoney_fallback
159621,ESGETF国泰,1.186,eastmoney_fallback
589800,科创综指ETF易方达,1.512,eastmoney_fallback
561200,中证A100ETF工银,1.516,eastmoney_fallback
589700,科创成长ETF南方,1.955,eastmoney_fallback
159819,人工智能ETF易方达,1.74,eastmoney_fallback
563320,通用航空ETF华泰柏瑞,1.089,eastmoney_fallback
515380,沪深300ETF泰康,5.555,eastmoney_fallback
589820,科创200ETF建信,1.308,eastmoney_fallback
530880,红利国企ETF银河,1.09,eastmoney_fallback
159263,价值ETF易方达,1.199,eastmoney_fallback
159226,中证A500增强ETF国泰,1.309,eastmoney_fallback
588270,科创200ETF易方达,1.747,eastmoney_fallback
159635,基建ETF华夏,1.092,eastmoney_fallback
515080,中证红利ETF招商,1.64,eastmoney_fallback
159613,信息安全ETF嘉实,0.984,eastmoney_fallback
588230,科创200ETF华泰柏瑞,1.875,eastmoney_fallback
515070,人工智能ETF华夏,2.207,eastmoney_fallback
159199,石油ETF平安,0.998,eastmoney_fallback
561380,电网设备ETF国泰,2.111,eastmoney_fallback
563280,A50增强ETF富国,1.447,eastmoney_fallback
516860,金融科技ETF博时,1.226,eastmoney_fallback
159213,机器人ETF汇添富,1.229,eastmoney_fallback
561900,沪深300ESGETF招商,1.006,eastmoney_fallback
159120,港股通科技ETF国联安,0.783,eastmoney_fallback
563520,沪深300ETF永赢,1.231,eastmoney_fallback
159691,港股红利ETF工银,1.346,eastmoney_fallback
515150,一带一路ETF富国,1.683,eastmoney_fallback
159262,港股通科技ETF广发,0.899,eastmoney_fallback
516330,物联网ETF华泰柏瑞,1.578,eastmoney_fallback
515180,红利ETF易方达,1.466,eastmoney_fallback
515720,金融科技ETF富国,0.79,eastmoney_fallback
589180,科创新材料ETF汇添富,1.693,eastmoney_fallback
517160,长江保护ETF南方,1.016,eastmoney_fallback
159653,ESG300ETF国联安,1.247,eastmoney_fallback
159589,红利ETF广发,1.134,eastmoney_fallback
510310,沪深300ETF易方达,4.657,eastmoney_fallback
159026,石油ETF南方,1.024,eastmoney_fallback
510330,沪深300ETF华夏,5.009,eastmoney_fallback
159330,沪深300ETF东财,1.48,eastmoney_fallback
516950,基建ETF银华,1.139,eastmoney_fallback
159019,石油ETF华宝,1.027,eastmoney_fallback
159750,港股科技50ETF招商,0.914,eastmoney_fallback
588140,科创200ETF广发,1.259,eastmoney_fallback
510300,沪深300ETF华泰柏瑞,4.812,eastmoney_fallback
159895,物联网ETF易方达,1.383,eastmoney_fallback
512030,中证A50增强ETF易方达,1.155,eastmoney_fallback
562920,信息安全ETF易方达,1.04,eastmoney_fallback
588160,科创新材料ETF南方,1.048,eastmoney_fallback
159896,物联网ETF南方,1.284,eastmoney_fallback
515660,沪深300ETF国联安,5.957,eastmoney_fallback
159751,港股通科技ETF鹏华,0.935,eastmoney_fallback
159393,沪深300ETF万家,5.026,eastmoney_fallback
159335,央企科创ETF融通,1.534,eastmoney_fallback
159523,沪深300成长ETF华夏,1.299,eastmoney_fallback
515310,沪深300ETF汇添富,1.431,eastmoney_fallback
159135,港股通科技ETF前海开源,0.835,eastmoney_fallback
589990,科创综指ETF华泰柏瑞,1.559,eastmoney_fallback
517950,沪深港科技50ETF交银,1.08,eastmoney_fallback
516000,大数据ETF华夏,1.081,eastmoney_fallback
560370,红利质量ETF易方达,0.961,eastmoney_fallback
513530,港股通红利ETF华泰柏瑞,1.683,eastmoney_fallback
560030,800价值ETF汇添富,1.325,eastmoney_fallback
159602,中国A50ETF南方,1.088,eastmoney_fallback
560710,船舶ETF富国,1.089,eastmoney_fallback
159189,石油ETF华夏,0.97,eastmoney_fallback
159181,石油ETF易方达,0.972,eastmoney_fallback
159697,石油ETF鹏华,1.466,eastmoney_fallback
512360,MSCIA股ETF平安,1.845,eastmoney_fallback
560050,中国A50ETF汇添富,1.108,eastmoney_fallback
512930,AI人工智能ETF平安,2.479,eastmoney_fallback
159283,通用航空ETF南方,1.116,eastmoney_fallback
513160,港股科技ETF银华,0.997,eastmoney_fallback
515810,中证800ETF易方达,1.745,eastmoney_fallback
589890,科创综指ETF景顺,1.497,eastmoney_fallback
589080,科创综指ETF汇添富,1.499,eastmoney_fallback
515890,红利ETF博时,1.499,eastmoney_fallback
589860,科创综指ETF天弘,1.5,eastmoney_fallback
588820,科创200ETF华夏,2.0,eastmoney_fallback
510670,上证180ETF华夏,1.0,eastmoney_fallback
159586,计算机ETF南方,1.25,eastmoney_fallback
589880,科创综指ETF建信,1.501,eastmoney_fallback
159197,石油ETF招商,1.003,eastmoney_fallback
563000,中国A50ETF易方达,1.13,eastmoney_fallback
589500,科创综指ETF工银,1.518,eastmoney_fallback
159666,交通运输ETF华夏,1.012,eastmoney_fallback
515680,央企创新ETF嘉实,1.775,eastmoney_fallback
510270,国企ETF中银,1.525,eastmoney_fallback
589780,科创200ETF富国,1.271,eastmoney_fallback
159103,金融科技ETF汇添富,0.764,eastmoney_fallback
159811,5GETF博时,2.805,eastmoney_fallback
159542,工程机械ETF大成,1.53,eastmoney_fallback
159930,能源ETF汇添富,1.795,eastmoney_fallback
517330,长江保护ETF易方达,1.028,eastmoney_fallback
516530,物流ETF银华,1.03,eastmoney_fallback
510210,上证指数ETF富国,1.032,eastmoney_fallback
159202,恒生互联网ETF万家,0.903,eastmoney_fallback
510380,沪深300ETF国寿,1.42,eastmoney_fallback
510720,红利国企ETF国泰,1.037,eastmoney_fallback
510150,消费ETF招商,0.519,eastmoney_fallback
562070,沪深300指增ETF华宝,1.043,eastmoney_fallback
516100,金融科技ETF华夏,1.184,eastmoney_fallback
562080,300现金流ETF华宝,0.658,eastmoney_fallback
562570,信创ETF华夏,1.448,eastmoney_fallback
520890,港股通红利低波ETF华泰柏瑞,1.448,eastmoney_fallback
159545,恒生红利低波ETF易方达,1.451,eastmoney_fallback
560850,信创ETF汇添富,1.452,eastmoney_fallback
159898,医疗器械ETF招商,0.529,eastmoney_fallback
159320,电网设备ETF广发,2.123,eastmoney_fallback
510370,沪深300ETF兴业,1.066,eastmoney_fallback
520550,港股红利低波ETF招商,1.201,eastmoney_fallback
159207,高股息ETF广发,1.201,eastmoney_fallback
159152,港股通科技ETF平安,0.804,eastmoney_fallback
516970,基建ETF广发,1.21,eastmoney_fallback
516560,养老ETF华宝,0.807,eastmoney_fallback
512650,长三角ETF汇添富,1.345,eastmoney_fallback
510160,产业升级ETF南方,0.942,eastmoney_fallback
159267,航天ETF华安,1.078,eastmoney_fallback
515920,智能消费ETF博时,1.224,eastmoney_fallback
159583,通信ETF富国,1.633,eastmoney_fallback
159148,石油ETF富国,1.092,eastmoney_fallback
159807,科技ETF易方达,0.821,eastmoney_fallback
589000,科创综指ETF华夏,1.508,eastmoney_fallback
589660,科创综指ETF南方,1.514,eastmoney_fallback
589770,科创综指ETF招商,1.518,eastmoney_fallback
515200,创新100ETF申万菱信,2.364,eastmoney_fallback
561370,中证2000ETF国泰,1.546,eastmoney_fallback
513330,恒生互联网ETF华夏,0.422,eastmoney_fallback
159791,300ESGETF华夏,1.131,eastmoney_fallback
520610,港股红利低波ETF银华,0.999,eastmoney_fallback
159195,石油ETF华安,1.0,eastmoney_fallback
515860,科技ETF嘉实,1.858,eastmoney_fallback
563380,航空航天ETF华泰柏瑞,1.144,eastmoney_fallback
510980,上证指数ETF汇添富,1.431,eastmoney_fallback
589200,科创200ETF工银,1.435,eastmoney_fallback
510320,沪深300ETF中金,1.292,eastmoney_fallback
159153,消费电子ETF鹏华,1.15,eastmoney_fallback
159178,消费电子ETF汇添富,1.012,eastmoney_fallback
159662,交运ETF南方,1.019,eastmoney_fallback
159974,央企创新ETF富国,1.904,eastmoney_fallback
515900,央企创新ETF博时,1.76,eastmoney_fallback
159619,基建ETF国泰,1.032,eastmoney_fallback
159797,医疗器械ETF汇添富,0.739,eastmoney_fallback
516700,大数据ETF华宝,1.04,eastmoney_fallback
560070,央企红利ETF汇添富,1.196,eastmoney_fallback
159786,VRETF银华,1.201,eastmoney_fallback
588670,科创综指增强ETF嘉实,1.652,eastmoney_fallback
589170,科创芯片设计ETF鹏华,1.054,eastmoney_fallback
520980,港股通科技ETF汇添富,0.906,eastmoney_fallback
560700,央企红利ETF广发,1.211,eastmoney_fallback
159719,国企ETF平安,1.669,eastmoney_fallback
159117,港股通红利低波ETF鹏华,1.07,eastmoney_fallback
589630,科创综指ETF国泰,1.531,eastmoney_fallback
560330,沪深300价值ETF申万菱信,1.236,eastmoney_fallback
513950,恒生红利ETF富国,1.393,eastmoney_fallback
159517,中证800增强ETF银华,1.398,eastmoney_fallback
515750,科技50ETF富国,1.866,eastmoney_fallback
516600,消费服务ETF工银,0.625,eastmoney_fallback
516250,工程机械ETF富国,1.096,eastmoney_fallback
159220,港股通红利低波ETF华宝,0.629,eastmoney_fallback
563560,科技成长ETF兴业,1.105,eastmoney_fallback
159227,航空航天ETF华夏,1.265,eastmoney_fallback
159581,红利ETF万家,1.108,eastmoney_fallback
589030,科创芯片设计ETF易方达,1.11,eastmoney_fallback
159391,大盘价值ETF博时,1.11,eastmoney_fallback
159701,物联网ETF招商,1.269,eastmoney_fallback
159255,通用航空ETF易方达,1.114,eastmoney_fallback
520840,港股通恒生科技ETF华安,0.797,eastmoney_fallback
515970,工程机械ETF华夏,0.957,eastmoney_fallback
588520,科创增强ETF永赢,1.44,eastmoney_fallback
159883,医疗器械ETF永赢,0.48,eastmoney_fallback
515600,央企创新ETF广发,1.765,eastmoney_fallback
159601,A50ETF华夏,1.125,eastmoney_fallback
159945,能源ETF广发,1.452,eastmoney_fallback
561960,央企回报ETF招商,1.298,eastmoney_fallback
560020,红利ETF汇添富,1.149,eastmoney_fallback
589680,科创综指ETF鹏华,1.478,eastmoney_fallback
159899,软件ETF招商,0.824,eastmoney_fallback
589210,科创芯片设计ETF广发,1.319,eastmoney_fallback
560390,电网设备ETF易方达,0.993,eastmoney_fallback
513360,教育ETF博时,0.497,eastmoney_fallback
589600,科创综指ETF富国,1.497,eastmoney_fallback
562600,医疗器械ETF华夏,0.838,eastmoney_fallback
512330,信息科技ETF南方,1.678,eastmoney_fallback
159965,央视50ETF国联,1.68,eastmoney_fallback
515580,科技100ETF华泰柏瑞,1.346,eastmoney_fallback
159260,证券ETF博时,0.847,eastmoney_fallback
513630,港股低波红利ETF摩根,1.695,eastmoney_fallback
510040,上证180ETF鹏华,1.188,eastmoney_fallback
159118,港股通红利低波ETF华夏,1.021,eastmoney_fallback
561010,软件ETF华安,1.033,eastmoney_fallback
159795,智能汽车ETF汇添富,1.034,eastmoney_fallback
159994,通信ETF银华,1.213,eastmoney_fallback
560280,工程机械ETF广发,1.733,eastmoney_fallback
589070,科创芯片设计ETF天弘,1.043,eastmoney_fallback
515050,通信ETF华夏,2.978,eastmoney_fallback
516750,建材ETF富国,0.705,eastmoney_fallback
530080,上证180ETF天弘,1.238,eastmoney_fallback
159787,建材ETF易方达,0.71,eastmoney_fallback
159177,工程机械ETF鹏华,1.081,eastmoney_fallback
513350,标普油气ETF富国,1.267,eastmoney_fallback
589550,科创价值ETF华夏,1.268,eastmoney_fallback
588460,科创50增强ETF鹏华,1.812,eastmoney_fallback
562030,信创ETF华宝,0.547,eastmoney_fallback
515100,红利低波100ETF景顺,1.459,eastmoney_fallback
517350,沪港深科技ETF广发,0.912,eastmoney_fallback
517090,央企共赢ETF国泰,1.647,eastmoney_fallback
588550,科创综指增强ETF易方达,1.282,eastmoney_fallback
520830,沙特ETF华泰柏瑞,0.925,eastmoney_fallback
510600,上证50ETF申万菱信,3.889,eastmoney_fallback
512550,富时A50ETF嘉实,1.863,eastmoney_fallback
159257,航空ETF汇添富,1.121,eastmoney_fallback
159732,消费电子ETF华夏,1.319,eastmoney_fallback
159877,医疗ETF南方,0.566,eastmoney_fallback
589900,科创综指ETF博时,1.51,eastmoney_fallback
516790,医疗ETF华泰柏瑞,0.57,eastmoney_fallback
159378,通用航空ETF永赢,1.33,eastmoney_fallback
562320,沪深300价值ETF银华,1.337,eastmoney_fallback
159873,医疗设备ETF天弘,0.573,eastmoney_fallback
159838,医药50ETF博时,0.575,eastmoney_fallback
159169,恒生生物科技ETF广发,0.96,eastmoney_fallback
512180,MSCIA股ETF建信,1.756,eastmoney_fallback
517180,中国国企ETF南方,1.567,eastmoney_fallback
510880,红利ETF华泰柏瑞,3.342,eastmoney_fallback
589060,科创综指ETF东财,1.576,eastmoney_fallback
530580,上证180ETF南方,1.196,eastmoney_fallback
159888,智能汽车ETF华夏,1.21,eastmoney_fallback
589250,科创芯片设计ETF浦银,1.213,eastmoney_fallback
513730,东南亚科技ETF华泰柏瑞,1.214,eastmoney_fallback
563210,专精特新ETF富国,1.829,eastmoney_fallback
516520,智能驾驶ETF华泰柏瑞,1.224,eastmoney_fallback
515230,软件ETF国泰,0.816,eastmoney_fallback
515550,中证500ETF国联,1.839,eastmoney_fallback
512530,沪深300红利ETF建信,1.639,eastmoney_fallback
530800,上证180ETF银华,1.23,eastmoney_fallback
516050,科技龙头ETF工银,1.23,eastmoney_fallback
589300,科创综指ETF嘉实,1.644,eastmoney_fallback
512750,基本面50ETF嘉实,1.44,eastmoney_fallback
159230,通用航空ETF华夏,1.238,eastmoney_fallback
159590,软件ETF汇添富,1.036,eastmoney_fallback
159138,工程机械ETF易方达,1.038,eastmoney_fallback
159528,国企改革ETF富国,1.253,eastmoney_fallback
563230,卫星ETF富国,1.465,eastmoney_fallback
159848,证券ETF国联安,0.856,eastmoney_fallback
159745,建材ETF国泰,0.645,eastmoney_fallback
159510,沪深300价值ETF华夏,1.293,eastmoney_fallback
510810,上海国企ETF汇添富,0.877,eastmoney_fallback
515850,证券ETF富国,1.331,eastmoney_fallback
159779,消费电子ETF招商,1.331,eastmoney_fallback
159167,港股通医疗ETF工银,0.89,eastmoney_fallback
516800,智能制造ETF华宝,0.895,eastmoney_fallback
510760,上证指数ETF国泰,1.347,eastmoney_fallback
510180,上证180ETF华安,4.071,eastmoney_fallback
563060,央企50ETF易方达,1.134,eastmoney_fallback
512660,军工ETF国泰,1.377,eastmoney_fallback
560990,科技先锋ETF中金,1.153,eastmoney_fallback
588840,科创50ETF万家,1.385,eastmoney_fallback
159329,沙特ETF南方,0.937,eastmoney_fallback
562810,上证指数增强ETF嘉实,1.172,eastmoney_fallback
530050,上证50ETF东财,1.175,eastmoney_fallback
530680,上证180ETF兴业,1.176,eastmoney_fallback
159507,通信ETF广发,2.588,eastmoney_fallback
588780,科创芯片设计ETF国联安,0.956,eastmoney_fallback
159518,标普油气ETF嘉实,1.195,eastmoney_fallback
526010,港股通医疗ETF汇添富,0.963,eastmoney_fallback
561320,交运ETF国泰,0.966,eastmoney_fallback
159392,航空ETF富国,1.209,eastmoney_fallback
589260,科创芯片设计ETF国泰,1.214,eastmoney_fallback
159841,证券ETF天弘,0.974,eastmoney_fallback
588260,科创信息ETF华安,2.212,eastmoney_fallback
515560,证券ETF建信,0.985,eastmoney_fallback
530300,上证180ETF华泰柏瑞,1.236,eastmoney_fallback
510100,上证50ETF易方达,2.968,eastmoney_fallback
560080,中药ETF汇添富,0.995,eastmoney_fallback
159008,证券ETF景顺,1.002,eastmoney_fallback
530060,上证指数ETF易方达,1.007,eastmoney_fallback
159638,高端装备ETF嘉实,1.014,eastmoney_fallback
510850,上证50ETF工银,3.563,eastmoney_fallback
159218,卫星ETF招商,1.786,eastmoney_fallback
159842,券商ETF银华,1.021,eastmoney_fallback
563670,金融科技ETF鹏华,0.771,eastmoney_fallback
512000,券商ETF华宝,0.514,eastmoney_fallback
159695,通信ETF嘉实,2.838,eastmoney_fallback
159241,航空航天ETF天弘,1.293,eastmoney_fallback
563930,上证增强ETF招商,1.039,eastmoney_fallback
159889,智能汽车ETF国泰,1.044,eastmoney_fallback
561000,沪深300增强ETF华安,1.322,eastmoney_fallback
588130,科创医药ETF华夏,1.058,eastmoney_fallback
512900,证券ETF南方,1.062,eastmoney_fallback
588370,科创50增强ETF南方,1.594,eastmoney_fallback
512810,军工ETF华宝,0.8,eastmoney_fallback
159307,红利低波100ETF博时,1.073,eastmoney_fallback
513500,标普500ETF博时,2.416,eastmoney_fallback
563700,红利价值ETF易方达,1.084,eastmoney_fallback
515250,智能汽车ETF富国,1.098,eastmoney_fallback
510050,上证50ETF华夏,3.035,eastmoney_fallback
589120,科创创新药ETF汇添富,0.835,eastmoney_fallback
159959,央企ETF银华,1.676,eastmoney_fallback
510800,上证50ETF建信,1.399,eastmoney_fallback
512680,军工ETF广发,1.41,eastmoney_fallback
510130,上证中盘ETF易方达,7.38,eastmoney_fallback
510710,上证50ETF博时,4.269,eastmoney_fallback
512560,军工ETF易方达,0.856,eastmoney_fallback
510200,上证券商ETF汇安,1.143,eastmoney_fallback
589850,科创50ETF东财,1.431,eastmoney_fallback
512220,TMTETF景顺,3.452,eastmoney_fallback
515000,科技ETF华宝,1.157,eastmoney_fallback
159718,港股医药ETF平安,0.868,eastmoney_fallback
159993,证券ETF鹏华,1.167,eastmoney_fallback
512640,金融地产ETF嘉实,2.34,eastmoney_fallback
159131,港股通信息技术ETF华宝,0.896,eastmoney_fallback
588720,科创50ETF中银,1.501,eastmoney_fallback
512960,央企结构调整ETF博时,1.504,eastmoney_fallback
530180,上证180ETF易方达,1.207,eastmoney_fallback
589720,科创创新药ETF国泰,0.906,eastmoney_fallback
562390,中药ETF银华,0.907,eastmoney_fallback
159549,红利低波ETF天弘,1.227,eastmoney_fallback
159647,中药ETF鹏华,0.923,eastmoney_fallback
560810,央企ESGETF融通,1.231,eastmoney_fallback
513700,港股通医药ETF鹏华,0.616,eastmoney_fallback
159336,央企红利ETF融通,1.236,eastmoney_fallback
159329,沙特ETF南方,0.936,eastmoney_fallback
512390,中国低波ETF平安,1.255,eastmoney_fallback
159303,恒生医疗ETF大成,1.592,eastmoney_fallback
588770,科创信息ETF摩根,1.609,eastmoney_fallback
159938,医药ETF广发,0.646,eastmoney_fallback
159231,通用航空ETF华宝,0.646,eastmoney_fallback
561510,中药ETF华泰柏瑞,0.97,eastmoney_fallback
562060,标普A股红利ETF华宝,0.658,eastmoney_fallback
563980,800红利低波ETF鑫元,1.003,eastmoney_fallback
563590,A500红利低波动ETF国寿,1.005,eastmoney_fallback
159939,信息技术ETF广发,1.011,eastmoney_fallback
516200,证券ETF华安,1.027,eastmoney_fallback
588860,科创医药ETF工银,0.688,eastmoney_fallback
513200,港股通医药ETF易方达,1.037,eastmoney_fallback
159228,红利低波ETF长城,1.052,eastmoney_fallback
510650,金融地产ETF华夏,2.818,eastmoney_fallback
510030,价值ETF华宝,1.062,eastmoney_fallback
510680,上证50ETF万家,3.188,eastmoney_fallback
159377,创业板医药ETF国泰,1.068,eastmoney_fallback
560800,数字经济ETF鹏扬,1.069,eastmoney_fallback
560360,软件ETF万家,1.427,eastmoney_fallback
512880,证券ETF国泰,1.073,eastmoney_fallback
588250,科创医药ETF鹏华,1.076,eastmoney_fallback
512570,证券ETF易方达,1.08,eastmoney_fallback
510190,上证50ETF华安,4.322,eastmoney_fallback
513280,恒生生物科技ETF汇添富,1.081,eastmoney_fallback
159655,标普500ETF华夏,1.812,eastmoney_fallback
589150,科创50ETF平安,1.093,eastmoney_fallback
563790,卫星ETF鹏华,1.097,eastmoney_fallback
159577,美国50ETF汇添富,1.485,eastmoney_fallback
512010,医药ETF易方达,0.373,eastmoney_fallback
588100,科创信息ETF嘉实,2.26,eastmoney_fallback
512710,军工龙头ETF富国,0.754,eastmoney_fallback
588870,科创50ETF汇添富,1.516,eastmoney_fallback
588050,科创50ETF工银,1.532,eastmoney_fallback
589020,科创半导体设备ETF鹏华,1.536,eastmoney_fallback
588940,科创50ETF富国,1.539,eastmoney_fallback
512150,富时A50ETF汇安,1.949,eastmoney_fallback
588000,科创50ETF华夏,1.572,eastmoney_fallback
512890,红利低波ETF华泰柏瑞,1.195,eastmoney_fallback
563020,红利低波ETF易方达,1.202,eastmoney_fallback
159852,软件ETF嘉实,0.803,eastmoney_fallback
159286,港股通创新药ETF鹏华,0.807,eastmoney_fallback
159658,数字经济ETF华安,1.633,eastmoney_fallback
588810,科创芯片ETF富国,2.055,eastmoney_fallback
515010,证券ETF华夏,1.233,eastmoney_fallback
515960,医药ETF嘉实,0.826,eastmoney_fallback
562930,软件ETF易方达,0.829,eastmoney_fallback
561580,央企红利ETF华泰柏瑞,1.261,eastmoney_fallback
159891,医疗ETF建信,0.425,eastmoney_fallback
517990,沪港深医药ETF招商,0.876,eastmoney_fallback
159929,医药ETF汇添富,1.33,eastmoney_fallback
159366,港股医疗ETF永赢,1.341,eastmoney_fallback
513650,标普500ETF南方,1.803,eastmoney_fallback
159105,恒生生物科技ETF易方达,0.902,eastmoney_fallback
159130,恒生生物科技ETF鹏华,0.903,eastmoney_fallback
562870,证券ETF嘉实,0.907,eastmoney_fallback
159311,数字经济ETF易方达,1.361,eastmoney_fallback
512120,医药ETF华安,0.457,eastmoney_fallback
530000,上证50ETF天弘,1.379,eastmoney_fallback
159931,金融地产ETF汇添富,1.848,eastmoney_fallback
515950,医药50ETF富国,0.929,eastmoney_fallback
520760,恒生生物科技ETF摩根,0.934,eastmoney_fallback
520930,恒生生物科技ETF国泰,0.936,eastmoney_fallback
516610,医疗设备ETF大成,0.473,eastmoney_fallback
588060,科创50ETF广发,0.949,eastmoney_fallback
588750,科创芯片ETF汇添富,1.93,eastmoney_fallback
560400,证券ETF华泰柏瑞,0.966,eastmoney_fallback
159560,芯片ETF景顺,1.94,eastmoney_fallback
563530,卫星ETF易方达,1.458,eastmoney_fallback
512630,卫星ETF广发,1.465,eastmoney_fallback
510950,上证50ETF广发,0.987,eastmoney_fallback
589580,科创综指ETF兴银,1.49,eastmoney_fallback
520880,港股通创新药ETF华宝,0.497,eastmoney_fallback
159849,生物科技ETF招商,0.503,eastmoney_fallback
563510,A500红利低波ETF易方达,1.015,eastmoney_fallback
588080,科创50ETF易方达,1.523,eastmoney_fallback
588090,科创50ETF华泰柏瑞,1.535,eastmoney_fallback
563690,红利低波ETF永赢,1.037,eastmoney_fallback
510990,180ESGETF工银,1.044,eastmoney_fallback
589160,科创芯片ETF广发,1.045,eastmoney_fallback
588150,科创50ETF南方,1.051,eastmoney_fallback
159159,公用事业ETF国投瑞银,1.066,eastmoney_fallback
159355,800红利低波ETF华宝,1.07,eastmoney_fallback
560190,公用事业ETF鹏华,1.079,eastmoney_fallback
588890,科创芯片ETF南方,3.263,eastmoney_fallback
159615,恒生生物科技ETF南方,1.095,eastmoney_fallback
159525,红利低波ETF富国,1.113,eastmoney_fallback
560520,红利低波100ETF大成,1.135,eastmoney_fallback
589130,科创芯片ETF易方达,1.146,eastmoney_fallback
513060,恒生医疗ETF博时,0.575,eastmoney_fallback
560090,证券ETF汇添富,1.152,eastmoney_fallback
159538,信创ETF富国,1.74,eastmoney_fallback
159760,医疗健康ETF泰康,0.586,eastmoney_fallback
159669,绿色电力ETF国泰,1.204,eastmoney_fallback
588990,科创芯片ETF博时,3.012,eastmoney_fallback
159515,国企红利ETF鹏扬,1.206,eastmoney_fallback
513400,道琼斯ETF鹏华,1.232,eastmoney_fallback
159506,港股通医疗ETF富国,1.324,eastmoney_fallback
561560,电力ETF华泰柏瑞,1.362,eastmoney_fallback
515450,红利低波50ETF南方,1.443,eastmoney_fallback
159557,恒生医疗ETF嘉实,1.457,eastmoney_fallback
589020,科创半导体设备ETF鹏华,1.534,eastmoney_fallback
512950,央企改革ETF华夏,1.557,eastmoney_fallback
159509,纳指科技ETF景顺,2.369,eastmoney_fallback
510020,超大盘ETF博时,3.994,eastmoney_fallback
563870,通用航空ETF鹏华,0.85,eastmoney_fallback
520510,港股通医疗ETF华夏,0.881,eastmoney_fallback
512670,国防ETF鹏华,0.904,eastmoney_fallback
589100,科创芯片ETF国泰,1.858,eastmoney_fallback
159612,标普500ETF国泰,1.858,eastmoney_fallback
159132,恒生生物科技ETF富国,0.932,eastmoney_fallback
588290,科创芯片ETF华安,2.835,eastmoney_fallback
588060,科创50ETF广发,0.948,eastmoney_fallback
588170,科创半导体ETF华夏,1.898,eastmoney_fallback
588200,科创芯片ETF嘉实,2.896,eastmoney_fallback
588180,科创50ETF国联安,0.966,eastmoney_fallback
516730,证券ETF浦银,0.968,eastmoney_fallback
588710,科创半导体设备ETF华泰柏瑞,1.966,eastmoney_fallback
562050,药ETF华宝,0.986,eastmoney_fallback
512290,生物医药ETF国泰,0.988,eastmoney_fallback
516370,电力ETF汇添富,0.992,eastmoney_fallback
513930,恒生生物科技ETF华泰柏瑞,1.007,eastmoney_fallback
159296,A500红利低波ETF华宝,1.018,eastmoney_fallback
560270,电力ETF工银,1.019,eastmoney_fallback
560570,A500红利ETF国联安,1.024,eastmoney_fallback
588700,科创医药ETF嘉实,1.033,eastmoney_fallback
516980,证券先锋ETF华富,1.051,eastmoney_fallback
588280,科创50ETF华安,1.076,eastmoney_fallback
563890,国企红利ETF创金合信,1.078,eastmoney_fallback
159622,创新药ETF东财,1.078,eastmoney_fallback
159611,电力ETF广发,1.124,eastmoney_fallback
560150,红利低波ETF泰康,1.15,eastmoney_fallback
159776,港股医药ETF银华,1.159,eastmoney_fallback
561700,电力ETF博时,1.179,eastmoney_fallback
562350,电力ETF银华,1.181,eastmoney_fallback
560580,电力ETF南方,1.181,eastmoney_fallback
561060,国企红利ETF华安,1.186,eastmoney_fallback
159692,证券ETF东财,1.186,eastmoney_fallback
510660,医药ETF华夏,2.403,eastmoney_fallback
159940,金融地产ETF广发,1.204,eastmoney_fallback
562550,绿电ETF华夏,1.215,eastmoney_fallback
159332,央企红利ETF富国,1.23,eastmoney_fallback
159547,红利低波ETF华夏,1.231,eastmoney_fallback
520870,巴西ETF易方达,1.246,eastmoney_fallback
159529,标普消费ETF景顺,1.292,eastmoney_fallback
159561,德国ETF嘉实,1.304,eastmoney_fallback
563090,上证50增强ETF易方达,1.308,eastmoney_fallback
159625,绿色电力ETF嘉实,1.315,eastmoney_fallback
515300,300红利低波ETF嘉实,1.333,eastmoney_fallback
561310,消电ETF国泰,1.339,eastmoney_fallback
561600,消费电子ETF平安,1.384,eastmoney_fallback
562950,消费电子ETF易方达,1.44,eastmoney_fallback
588950,科创50ETF景顺,1.548,eastmoney_fallback
513850,美国50ETF易方达,1.653,eastmoney_fallback
159540,信创ETF易方达,1.825,eastmoney_fallback
588920,科创芯片ETF鹏华,1.859,eastmoney_fallback
159997,电子ETF天弘,1.897,eastmoney_fallback
588450,科创50增强ETF招商,1.976,eastmoney_fallback
511880,银华日利ETF,100.401,eastmoney_fallback
511660,货币ETF建信,100.006,eastmoney_fallback
511700,货币ETF平安,100.011,eastmoney_fallback
511990,华宝添益ETF,100.003,eastmoney_fallback
511810,货币ETF南方,100.004,eastmoney_fallback
511620,货币ETF国泰,100.005,eastmoney_fallback
511900,富国货币ETF,100.006,eastmoney_fallback
511850,招商财富宝ETF,100.009,eastmoney_fallback
159003,招商快线ETF,100.001,eastmoney_fallback
511650,货币ETF华夏,100.004,eastmoney_fallback
511800,易方达货币ETF,100.006,eastmoney_fallback
589190,科创芯片ETF华宝,1.053,eastmoney_fallback
562960,绿色电力ETF易方达,1.217,eastmoney_fallback
562860,疫苗ETF嘉实,0.683,eastmoney_fallback
561920,疫苗ETF招商,0.702,eastmoney_fallback
561170,绿色电力ETF富国,1.219,eastmoney_fallback
560620,公用事业ETF万家,1.008,eastmoney_fallback
560170,央企科技ETF南方,1.178,eastmoney_fallback
526000,港股通信息技术ETF华夏,1.096,eastmoney_fallback
520970,港股通创新药ETF嘉实,0.851,eastmoney_fallback
517120,创新药ETF华泰柏瑞,0.688,eastmoney_fallback
516820,医疗创新ETF平安,0.359,eastmoney_fallback
513080,法国ETF华安,1.755,eastmoney_fallback
513030,德国ETF华安,1.796,eastmoney_fallback
511960,货币ETF嘉实,100.008,eastmoney_fallback
511860,货币ETF博时,100.001,eastmoney_fallback
511690,交易货币ETF大成,100.001,eastmoney_fallback
510230,金融ETF国泰,1.3,eastmoney_fallback
510060,央企ETF工银,2.62,eastmoney_fallback
159992,创新药ETF银华,0.838,eastmoney_fallback
159892,恒生医药ETF华夏,0.764,eastmoney_fallback
159837,生物科技ETF易方达,0.491,eastmoney_fallback
159645,疫苗ETF富国,0.641,eastmoney_fallback
159537,信创ETF国泰,1.727,eastmoney_fallback
159385,数字经济ETF富国,1.63,eastmoney_fallback
159297,港股通创新药ETF南方,0.786,eastmoney_fallback
159203,大盘成长ETF博时,-,eastmoney_fallback
159158,电力ETF景顺,1.075,eastmoney_fallback
159100,巴西ETF华夏,1.252,eastmoney_fallback
159005,快钱ETF汇添富,100.0,eastmoney_fallback
511600,华安日日鑫ETF,100.006,eastmoney_fallback
159001,货币ETF易方达,100.0,eastmoney_fallback
511820,鹏华添利ETF,100.006,eastmoney_fallback
511670,华泰天天金ETF,100.005,eastmoney_fallback
511930,货币ETF国联,100.003,eastmoney_fallback
511920,货币ETF广发,100.002,eastmoney_fallback
511950,添利货币ETF广发,100.001,eastmoney_fallback
515360,沪深300ETF方正富邦,6.819,eastmoney_fallback
511830,货币ETF华泰柏瑞,100.012,eastmoney_fallback
511770,金鹰增益货币ETF,100.001,eastmoney_fallback
511910,融通货币ETF,100.007,eastmoney_fallback
511970,国寿货币ETF,100.001,eastmoney_fallback
513300,纳斯达克ETF华夏,2.388,eastmoney_fallback
513870,纳指ETF富国,1.825,eastmoney_fallback
588040,科创50ETF鹏华,1.524,eastmoney_fallback
561100,消费电子ETF富国,1.498,eastmoney_fallback
515760,浙江国资ETF华夏,1.439,eastmoney_fallback
159217,港股通创新药ETF工银,1.262,eastmoney_fallback
563050,央企科技ETF易方达,1.254,eastmoney_fallback
513120,港股创新药ETF广发,1.229,eastmoney_fallback
159146,电力ETF华宝,1.085,eastmoney_fallback
159660,纳指ETF汇添富,2.107,eastmoney_fallback
159301,公用事业ETF华夏,1.02,eastmoney_fallback
561680,A500红利低波ETF平安,1.016,eastmoney_fallback
159185,港股通信息技术ETF鹏华,1.013,eastmoney_fallback
513100,纳指ETF国泰,1.961,eastmoney_fallback
159137,港股通医疗ETF华宝,0.901,eastmoney_fallback
159696,纳指ETF易方达,1.788,eastmoney_fallback
159687,亚太精选ETF南方,1.714,eastmoney_fallback
159539,信创ETF广发,1.713,eastmoney_fallback
520850,港股通医疗ETF易方达,0.834,eastmoney_fallback
561220,数字经济ETF工银,1.625,eastmoney_fallback
159389,数字经济ETF嘉实,1.622,eastmoney_fallback
159513,纳斯达克100ETF大成,1.602,eastmoney_fallback
159102,港股通生物科技ETF华安,0.795,eastmoney_fallback
520700,港股通创新药ETF万家,1.518,eastmoney_fallback
517110,创新药ETF国泰,0.725,eastmoney_fallback
513390,纳指100ETF博时,2.142,eastmoney_fallback
515320,电子50ETF华安,1.391,eastmoney_fallback
159858,创新药ETF南方,0.666,eastmoney_fallback
516080,创新药ETF易方达,0.665,eastmoney_fallback
562820,集成电路ETF嘉实,2.642,eastmoney_fallback
159208,航空航天ETF万家,1.301,eastmoney_fallback
159657,疫苗ETF鹏华,0.624,eastmoney_fallback
516500,生物科技ETF华夏,0.622,eastmoney_fallback
562380,央企科技ETF银华,1.211,eastmoney_fallback
516920,芯片ETF汇添富,1.201,eastmoney_fallback
159599,芯片ETF东财,2.395,eastmoney_fallback
159643,疫苗ETF国泰,0.572,eastmoney_fallback
159198,港股通信息技术ETF富国,1.144,eastmoney_fallback
159570,港股通创新药ETF汇添富,1.555,eastmoney_fallback
520500,恒生创新药ETF华泰柏瑞,1.553,eastmoney_fallback
159659,纳斯达克100ETF招商,2.055,eastmoney_fallback
516930,生物科技ETF民生加银,0.497,eastmoney_fallback
159941,纳指ETF广发,1.454,eastmoney_fallback
512760,芯片ETF国泰,0.939,eastmoney_fallback
560900,创新药ETF摩根,0.904,eastmoney_fallback
159501,纳指ETF嘉实,1.806,eastmoney_fallback
513110,纳指ETF华泰柏瑞,2.192,eastmoney_fallback
159546,集成电路ETF国泰,2.13,eastmoney_fallback
159828,医疗ETF国泰,0.421,eastmoney_fallback
159316,港股通创新药ETF易方达,1.253,eastmoney_fallback
515990,一带一路ETF汇添富,1.651,eastmoney_fallback
516640,芯片ETF富国,1.236,eastmoney_fallback
520690,港股创新药ETF博时,0.808,eastmoney_fallback
513780,港股创新药ETF景顺,1.574,eastmoney_fallback
159748,创新药ETF富国,0.763,eastmoney_fallback
159196,港股通信息技术ETF易方达,1.138,eastmoney_fallback
159567,港股创新药ETF银华,0.754,eastmoney_fallback
517900,银行AH优选ETF招商,1.502,eastmoney_fallback
159632,纳斯达克ETF华安,2.166,eastmoney_fallback
512480,半导体ETF国联安,1.73,eastmoney_fallback
512170,医疗ETF华宝,0.339,eastmoney_fallback
159835,创新药ETF建信,0.652,eastmoney_fallback
159516,半导体设备ETF国泰,0.971,eastmoney_fallback
159310,芯片ETF天弘,2.412,eastmoney_fallback
516060,创新药ETF工银,0.578,eastmoney_fallback
516720,ESGETF浦银,1.147,eastmoney_fallback
516350,芯片ETF易方达,1.397,eastmoney_fallback
512730,银行ETF鹏华,1.636,eastmoney_fallback
515260,电子ETF华宝,0.766,eastmoney_fallback
517380,创新药ETF天弘,0.761,eastmoney_fallback
159558,半导体设备ETF易方达,2.278,eastmoney_fallback
512700,银行ETF南方,1.515,eastmoney_fallback
159325,半导体ETF南方,1.727,eastmoney_fallback
159327,半导体设备ETF万家,2.323,eastmoney_fallback
562590,半导体设备ETF华夏,2.047,eastmoney_fallback
513000,日经225ETF易方达,2.039,eastmoney_fallback
516310,银行ETF易方达,1.319,eastmoney_fallback
159866,日经ETF工银,1.512,eastmoney_fallback
560780,半导体设备ETF广发,2.138,eastmoney_fallback
515020,银行ETF华夏,1.701,eastmoney_fallback
560260,医疗ETF广发,0.85,eastmoney_fallback
515120,创新药ETF广发,0.627,eastmoney_fallback
513880,日经225ETF华安,1.878,eastmoney_fallback
159933,金融地产ETF国投瑞银,2.844,eastmoney_fallback
513520,日经ETF华夏,2.03,eastmoney_fallback
517850,张江ETF汇添富,1.21,eastmoney_fallback
512820,银行ETF汇添富,1.4,eastmoney_fallback
159847,医疗ETF易方达,0.4,eastmoney_fallback
516210,银行ETF华安,1.359,eastmoney_fallback
159253,银行ETF博时,0.949,eastmoney_fallback
159887,银行ETF富国,1.299,eastmoney_fallback
511980,货币ETF汇添富,100.235,eastmoney_fallback
159582,半导体ETF博时,2.732,eastmoney_fallback
561980,半导体设备ETF招商,2.481,eastmoney_fallback
562560,信息技术ETF华夏,2.075,eastmoney_fallback
159995,芯片ETF华夏,1.968,eastmoney_fallback
159801,芯片ETF广发,0.976,eastmoney_fallback
513290,纳指生物科技ETF汇添富,1.451,eastmoney_fallback
512800,银行ETF华宝,0.798,eastmoney_fallback
515290,银行ETF天弘,1.432,eastmoney_fallback
159813,半导体ETF鹏华,1.261,eastmoney_fallback
159665,半导体龙头ETF工银,2.049,eastmoney_fallback
518680,金ETF富国,10.112,eastmoney_fallback
518860,上海金ETF建信,9.687,eastmoney_fallback
518660,黄金ETF工银,9.681,eastmoney_fallback
518800,黄金ETF国泰,10.128,eastmoney_fallback
518890,上海金ETF中银,9.677,eastmoney_fallback
518850,黄金ETF华夏,9.748,eastmoney_fallback
159934,黄金ETF易方达,10.091,eastmoney_fallback
518880,黄金ETF华安,9.661,eastmoney_fallback
518600,金ETF广发,10.069,eastmoney_fallback
159937,黄金ETF博时,9.638,eastmoney_fallback
513800,日本东证指数ETF南方,1.73,eastmoney_fallback
513310,中韩半导体ETF华泰柏瑞,4.185,eastmoney_fallback
159859,生物医药ETF天弘,0.388,eastmoney_fallback
159839,生物医药ETF汇添富,0.36,eastmoney_fallback
159502,标普生物科技ETF嘉实,1.322,eastmoney_fallback
159508,生物医药ETF华安,0.802,eastmoney_fallback
